site,ddG_fold_max,ddG_bind_max
1,0.5181,1.689391
2,1.57332,2.216099
3,7.886124,0.219975
4,1.431482,2.048176
5,-1.051236,5.565644
6,1.683933,-0.041327
7,1.594669,0.263178
8,19.437039,3.899176
9,5.085519,2.588296
10,2.122283,0.180452
11,20.873003,0.254079
12,5.774466,2.398041
13,3.415128,0.549449
14,3.399291,0.008892
15,34.878048,0.075117
16,4.740506,2.057398
17,3.380041,0.037609
18,3.981074,0.004453
19,16.973529,0.030648
20,2.14288,0.134208
21,1.826896,-0.002614
22,3.844328,0.018915
23,6.401491,0.112203
24,4.837949,0.240735
25,0.98641,0.410154
26,12.013231,0.105206
27,12.819547,8.937757
28,9.072317,0.399873
29,11.802277,2.557805
30,10.051093,0.461952
31,7.928386,0.437121
32,11.333156,7.058685
33,1.512325,1.802028
34,1.636225,26.068106
35,6.008636,3.797199
36,1.732763,2.983765
37,2.150884,3.859176
38,6.034293,4.008631
39,5.208579,12.954906
40,3.145056,6.440966
41,3.692412,3.250744
42,1.695003,12.699725
43,3.029746,1.151056
44,-0.980979,4.394432
45,2.96112,0.576009
46,20.842174,3.369182
47,-1.329392,3.551399
48,-1.467667,2.473496
49,-0.663473,31.444122
50,2.214942,2.116052
51,2.274589,2.945223
52,0.767664,1.079293
53,1.659195,3.264712
54,38.229737,3.750045
55,2.851224,0.225813
56,3.950882,0.921473
57,11.117256,0.632195
58,41.121496,0.802595
59,3.992074,0.406553
60,17.919804,0.338892
61,58.250606,0.061269
62,7.423058,4.1443
63,6.141626,2.791548
64,5.170881,2.059347
65,5.818523,4.199467
66,5.879732,0.876659
67,1.256978,0.020823
68,47.46616,0.089991
69,-1.119873,0.021164
70,1.204837,0.021773
71,8.775959,0.721502
72,9.883902,-0.131634
73,1.10275,0.00694
74,3.372232,0.179286
75,4.63705,0.133047
76,1.930199,0.064194
77,1.676326,0.226473
78,5.337696,-0.27466
79,8.75583,0.148431
80,-1.465643,-0.348753
81,5.327665,2.527235
82,3.026879,1.598987
83,8.05504,1.684675
84,4.007895,2.508942
85,1.373382,0.812151
86,-0.513408,1.463246
87,3.37832,8.899135
88,4.306284,5.710155
89,3.400209,0.509849
90,5.360576,3.79422
91,5.762021,1.771305
92,3.342402,8.049219
93,-1.591856,-0.201611
94,2.177022,2.432727
95,4.006243,0.098147
96,41.349695,0.60191
97,67.79413,-0.043251
98,5.157388,0.004383
99,4.261536,0.110741
100,6.338937,0.05983
101,1.485022,0.033065
102,2.7646,-0.046068
103,0.896128,0.086831
104,-0.741735,-0.021054
105,6.234347,0.090534
106,1.493794,0.300878
107,2.3606,0.607789
108,8.426457,0.260461
109,30.377002,0.52493
110,42.543285,0.155448
111,15.967942,0.509274
112,67.525574,0.183446
113,21.223985,0.02181
114,7.519874,0.881687
115,38.266678,0.2553
116,4.31687,0.298074
117,2.936695,1.119082
118,-0.988446,1.375325
119,1.115307,0.554161
120,-1.46718,0.075389
121,24.927972,0.770392
122,2.93702,0.019541
123,1.665797,0.012153
124,17.576399,0.036966
125,36.352836,0.016953
126,4.815077,0.000285
127,4.027789,0.013451
128,31.986427,0.410362
129,3.881887,0.01127
130,3.867763,0.000265
131,5.124945,-0.000964
132,4.867261,0.033389
133,7.189062,0.016965
134,0.724212,-0.006632
